JOBAPPLICATION_ID,JOBAPPLICATION_JOBOFFER,JOBAPPLICATION_STATUS,JOBAPPLICATION_NAMES,JOBAPPLICATION_EMAIL,JOBAPPLICATION_PHONENUMBER,JOBAPPLICATION_CV
1,1,4,John Doe,johndoe@example.com,1234567890,https://JohnDoe_CV.pdf
2,2,4,Jane Smith,janesmith@example.com,2345678901,https://JaneSmith_CV.pdf
3,3,4,Michael Brown,michaelbrown@example.com,3456789012,https://MichaelBrown_CV.pdf
4,4,4,Susan Lee,susanlee@example.com,4567890123,https://SusanLee_CV.pdf
5,5,4,David Wilson,davidwilson@example.com,5678901234,https://DavidWilson_CV.pdf
6,6,4,Emily Davis,emilydavis@example.com,6789012345,https://EmilyDavis_CV.pdf
7,7,4,Christopher Miller,christophermiller@example.com,7890123456,https://ChristopherMiller_CV.pdf
8,8,4,Ashley Johnson,ashleyjohnson@example.com,8901234567,https://AshleyJohnson_CV.pdf
9,9,4,Matthew Martinez,matthewmartinez@example.com,9012345678,https://MatthewMartinez_CV.pdf
10,10,4,Olivia Garcia,oliviagarcia@example.com,1234509876,https://OliviaGarcia_CV.pdf
11,11,4,Ethan Rodriguez,ethanrodriguez@example.com,2345609871,EthanRodriguez_CV.pdf
12,12,4,Ava Hernandez,avahernandez@example.com,3456709872,AvaHernandez_CV.pdf
13,13,4,Isabella Gonzalez,isabellagonzalez@example.com,4567809873,IsabellaGonzalez_CV.pdf
14,14,4,Mason Lopez,masonlopez@example.com,5678909874,MasonLopez_CV.pdf
15,15,4,Sophia Clark,sophiaclark@example.com,6789009875,SophiaClark_CV.pdf
16,1,5,Liam Lewis,liamlewis@example.com,7890109876,LiamLewis_CV.pdf
17,2,5,Mia Walker,miawalker@example.com,8901209877,MiaWalker_CV.pdf
18,3,5,Benjamin Hall,benjaminhall@example.com,9012309878,BenjaminHall_CV.pdf
19,4,5,Charlotte Allen,charlotteallen@example.com,1234512345,CharlotteAllen_CV.pdf
20,5,5,Amelia Young,ameliayoung@example.com,2345612346,AmeliaYoung_CV.pdf
21,6,5,Lucas King,lucasking@example.com,3456712347,LucasKing_CV.pdf
22,7,5,Harper Wright,harperwright@example.com,4567812348,HarperWright_CV.pdf
23,8,5,Elijah Scott,elijahscott@example.com,5678912349,ElijahScott_CV.pdf
24,9,5,Ella Green,ellagreen@example.com,6789012350,EllaGreen_CV.pdf
25,10,5,William Adams,williamadams@example.com,7890112351,WilliamAdams_CV.pdf
26,11,5,James Baker,jamesbaker@example.com,8901212352,JamesBaker_CV.pdf
27,12,5,Evelyn Campbell,evelyncampbell@example.com,9012312353,EvelynCampbell_CV.pdf
28,13,5,Henry Mitchell,henrymitchell@example.com,1234523456,HenryMitchell_CV.pdf
29,14,5,Victoria Perez,victoriaperez@example.com,2345623457,VictoriaPerez_CV.pdf
30,15,5,Abigail Roberts,abigailroberts@example.com,3456723458,AbigailRoberts_CV.pdf
31,1,5,Alexander Turner,alexanderturner@example.com,4567823459,AlexanderTurner_CV.pdf
32,2,5,Grace Phillips,gracephillips@example.com,5678923460,GracePhillips_CV.pdf
33,3,5,Daniel Parker,danielparker@example.com,6789023461,DanielParker_CV.pdf
34,4,5,Zoey Evans,zoeyevans@example.com,7890123462,ZoeyEvans_CV.pdf
35,5,5,Matthew Edwards,matthewedwards@example.com,8901223463,MatthewEdwards_CV.pdf
36,6,5,Aiden Collins,aidencollins@example.com,9012323464,AidenCollins_CV.pdf
37,7,5,Natalie Stewart,nataliestewart@example.com,1234534567,NatalieStewart_CV.pdf
38,8,5,Joshua Morris,joshuamorris@example.com,2345634568,JoshuaMorris_CV.pdf
39,9,5,Lillian Hughes,lillianhughes@example.com,3456734569,LillianHughes_CV.pdf
40,10,5,Sebastian Rivera,sebastianrivera@example.com,4567834570,SebastianRivera_CV.pdf
41,11,5,Emma Long,emmalong@example.com,5678934571,EmmaLong_CV.pdf
42,12,5,Samuel Foster,samuelfoster@example.com,6789034572,SamuelFoster_CV.pdf
43,13,5,Sofia Sanders,sofiasanders@example.com,7890134573,SofiaSanders_CV.pdf
44,14,5,Logan Patterson,loganpatterson@example.com,8901234574,LoganPatterson_CV.pdf
45,15,5,Victoria Carter,victoriacarter@example.com,9012334575,VictoriaCarter_CV.pdf
46,1,5,Owen Ross,owenross@example.com,1234545678,OwenRoss_CV.pdf
47,2,5,Elizabeth Simmons,elizabethsimmons@example.com,2345645679,ElizabethSimmons_CV.pdf
48,3,5,Jack Bailey,jackbarley@example.com,3456745680,JackBailey_CV.pdf
49,4,5,Aria Bell,ariabell@example.com,4567845681,AriaBell_CV.pdf
50,5,5,James Torres,jamestorres@example.com,5678945682,JamesTorres_CV.pdf
